A,2018-12-08T14:19:00+00:00
B,2018-12-08T14:19:00+00:00
C,2018-12-08T14:19:00+00:00
D,2018-12-08T14:19:00+00:00
D,2018-12-07T14:19:00+00:00
D,2018-12-07T14:19:00+00:00
D,2018-12-07T14:19:00+00:00
B,2018-12-07T14:19:00+00:00
B,2018-12-07T14:19:00+00:00
B,2018-12-07T14:19:00+00:00
B,2018-12-07T14:19:00+00:00
a,2018-11-08T14:19:00+00:00
b,2018-11-08T14:19:00+00:00
c,2018-11-08T14:19:00+00:00
d,2018-11-08T14:19:00+00:00
e,2018-11-08T14:19:00+00:00
f,2018-11-08T14:19:00+00:00
g,2018-11-08T14:19:00+00:00
h,2018-11-08T14:19:00+00:00
i,2018-11-08T14:19:00+00:00
j,2018-11-08T14:19:00+00:00
k,2018-11-08T14:19:00+00:00